municipality,typology,latitude,longitude,observations,median_asking_price,median_sqm_price
Ale kommun,APARTMENT,57.847957550000004,12.023709499999999,12,1985000.0,30468.112572788952
Alingsås kommun,APARTMENT,57.928396383000006,12.53090596005,50,2175000.0,31160.714285714286
Alvesta kommun,APARTMENT,56.8994675,14.5542679,1,425000.0,9550.561797752809
Aneby kommun,APARTMENT,57.83261,14.81454,1,520000.0,6582.278481012659
Arboga kommun,APARTMENT,59.39122979999999,15.8402005,2,935000.0,11675.523838445188
Arvika kommun,APARTMENT,59.65567755,12.60341975,2,555000.0,10036.231884057972
Askersunds kommun,APARTMENT,58.8864665,14.909423,2,660000.0,10618.183367416495
Avesta kommun,APARTMENT,60.1440035914,16.16675,11,550000.0,9718.30985915493
Bergs kommun,APARTMENT,62.5031281,14.1759925,7,2950000.0,33928.57142857143
Bjuvs kommun,APARTMENT,56.07968,12.928791,5,595000.0,9858.156028368794
Bodens kommun,APARTMENT,65.81451280968375,21.710346983135963,2,545000.0,11376.096491228069
Bollebygds kommun,APARTMENT,57.663399749999996,12.552126600000001,2,2485000.0,34856.27177700348
Borgholms kommun,APARTMENT,56.87878660381251,16.66233153535,6,3172500.0,38998.39743589744
Borlänge kommun,APARTMENT,60.48869171186642,15.425825,32,995000.0,16295.996297153437
Borås kommun,APARTMENT,57.72306,12.9437618,103,1295000.0,21985.29411764706
Botkyrka kommun,APARTMENT,59.205439999999996,17.8348,70,1895000.0,32181.05350869291
Bromölla kommun,APARTMENT,56.068356,14.4784565,1,375000.0,5281.69014084507
Burlövs kommun,APARTMENT,55.63591597715,13.0795080971,6,1422500.0,20823.999565028273
Båstads kommun,APARTMENT,56.427599427299995,12.863358,10,2145000.0,31858.97435897436
Dals-Eds kommun,APARTMENT,58.90625762939453,11.943970680236816,1,220000.0,4313.725490196079
Danderyds kommun,APARTMENT,59.40294,18.04167,13,3850000.0,59272.997032640946
Ekerö kommun,APARTMENT,59.2788734,17.78413,3,2995000.0,46610.16949152543
Eksjö kommun,APARTMENT,57.664045,14.953097,2,1000000.0,12617.924528301886
Emmaboda kommun,APARTMENT,56.6160412,15.5652577,1,100000.0,1709.4017094017095
Enköpings kommun,APARTMENT,59.6380157,17.0816168825,23,1695000.0,25474.452554744526
Eskilstuna kommun,APARTMENT,59.37494,16.5154457,67,1495000.0,22547.169811320753
Eslövs kommun,APARTMENT,55.84235337865,13.30121285,10,1272500.0,17347.89426523297
Fagersta kommun,APARTMENT,59.9981116711,15.8163857462,3,325000.0,4350.736278447122
Falkenbergs kommun,APARTMENT,56.90840949685,12.4933977699,34,1425000.0,22836.868686868685
Falköpings kommun,APARTMENT,58.1717726403391,13.559309100807049,2,230000.0,4691.414779910355
Falu kommun,APARTMENT,60.609682,15.633714999999999,32,1495000.0,25175.721997438486
Finspångs kommun,APARTMENT,58.707833259684236,15.753800986300831,4,345000.0,8453.241656092308
Färgelanda kommun,APARTMENT,58.55600526439606,11.988658654793486,2,700000.0,7836.7135613797045
Gislaveds kommun,APARTMENT,57.1661881,13.414111,3,650000.0,8496.73202614379
Gotlands kommun,APARTMENT,57.635826699999996,18.301015800000002,20,2495000.0,42781.25
Gällivare kommun,APARTMENT,67.13338,20.66014,7,1550000.0,17857.14285714286
Gävle kommun,APARTMENT,60.6715279,17.1465759,107,1425000.0,25090.909090909092
Göteborgs kommun,APARTMENT,57.70967,11.94373925,752,2495000.0,44904.65465465466
Habo kommun,APARTMENT,57.8959,14.079,3,2145000.0,25675.675675675677
Hallsbergs kommun,APARTMENT,59.06673455,15.1048303,2,377500.0,10500.0
Hallstahammars kommun,APARTMENT,59.58983,16.2343526,2,565000.0,10514.731827805223
Halmstads kommun,APARTMENT,56.67210745,12.8570502,64,2092500.0,29991.685529660215
Hammarö kommun,APARTMENT,59.3213236547,13.4713955,33,675000.0,13043.478260869566
Haninge kommun,APARTMENT,59.17389489999999,18.13758836865,96,1795000.0,33315.982404692084
Haparanda kommun,APARTMENT,65.8316422975,24.121901653000002,2,212500.0,4037.8289473684213
Heby kommun,APARTMENT,60.1810722,17.1850338,1,1995000.0,26250.0
Hedemora kommun,APARTMENT,60.2826751472,15.9879182928,1,495000.0,7279.411764705882
Helsingborgs kommun,APARTMENT,56.0511819,12.7038951,174,1825000.0,27537.163519485737
Herrljunga kommun,APARTMENT,57.9904747,13.08703,1,700000.0,7954.545454545455
Hjo kommun,APARTMENT,58.3081165,14.292547500000001,2,412500.0,7964.270432178006
Huddinge kommun,APARTMENT,59.23405375,17.9909408,86,1995000.0,41345.47645532073
Hudiksvalls kommun,APARTMENT,61.73364312677886,17.10437054925,8,1195000.0,21718.25884925516
Hultsfreds kommun,APARTMENT,57.487648,15.843162,1,460000.0,6117.021276595745
Härjedalens kommun,APARTMENT,62.49077975,13.93378405,14,3085000.0,43282.86082474227
Härnösands kommun,APARTMENT,62.6386925,17.94998,5,275000.0,5500.0
Härryda kommun,APARTMENT,57.660393,12.12012,13,3495000.0,50625.0
Hässleholms kommun,APARTMENT,56.158159999999995,13.75496055,12,872500.0,14175.584980954109
Håbo kommun,APARTMENT,59.562136,17.5343125,8,1922500.0,30876.234567901236
Höganäs kommun,APARTMENT,56.1906075817919,12.5717894024698,17,2395000.0,26869.158878504673
Hörby kommun,APARTMENT,55.852497,13.66615,1,850000.0,14166.666666666666
Höörs kommun,APARTMENT,55.92906695,13.54311685,2,1745000.0,15603.510171519745
Jokkmokks kommun,APARTMENT,66.15277,19.99147,1,1250000.0,50000.0
Järfälla kommun,APARTMENT,59.4182129,17.835068,137,1950000.0,35602.67857142857
Jönköpings kommun,APARTMENT,57.77958,14.17934,91,2095000.0,29487.17948717949
Kalix kommun,APARTMENT,65.8573,23.1408558,2,472500.0,7383.957153410491
Kalmar kommun,APARTMENT,56.68405,16.3406162,89,1450000.0,22727.272727272728
Karlshamns kommun,APARTMENT,56.1727448,14.864111,9,795000.0,11691.176470588236
Karlskoga kommun,APARTMENT,59.329917,14.52495455,12,552500.0,7342.3841059602655
Karlskrona kommun,APARTMENT,56.170784,15.5883789,27,1595000.0,24565.217391304348
Karlstads kommun,APARTMENT,59.381971750000005,13.508046,136,1822500.0,29797.297297297297
Katrineholms kommun,APARTMENT,58.99744,16.209711,13,1295000.0,17575.757575757576
Kils kommun,APARTMENT,59.5007668,13.3178492,1,275000.0,7333.333333333333
Kiruna kommun,APARTMENT,67.8506938759599,20.3062648565755,3,3000000.0,34574.46808510638
Klippans kommun,APARTMENT,56.13023,13.1481428,5,485000.0,10925.925925925925
Knivsta kommun,APARTMENT,59.729135,17.788408837,18,1422500.0,29609.375
Kramfors kommun,APARTMENT,62.9285772,17.779226350000002,2,272500.0,4254.105839416059
Kristianstads kommun,APARTMENT,56.034270199999995,14.1608218,28,1100000.0,18946.223620881152
Kristinehamns kommun,APARTMENT,59.30781499999999,14.11615565,12,557500.0,7774.004683840749
Krokoms kommun,APARTMENT,63.2464638,14.57237,3,1625000.0,25000.0
Kumla kommun,APARTMENT,59.12789,15.143025,6,695000.0,13319.062181447502
Kungsbacka kommun,APARTMENT,57.4805890086,12.0686784,20,2865000.0,47948.13049853372
Kungälvs kommun,APARTMENT,57.87346,11.9706259,47,2525000.0,41129.032258064515
Kävlinge kommun,APARTMENT,55.7722,13.025040441313443,7,2450000.0,30246.913580246914
Köpings kommun,APARTMENT,59.5147362,15.993855,8,522500.0,9969.135802469136
Laholms kommun,APARTMENT,56.51777,13.0500473,4,1337500.0,18687.05194176892
Landskrona kommun,APARTMENT,55.8784866,12.831542,31,1895000.0,27071.428571428572
Lekebergs kommun,APARTMENT,59.2397728,14.9037638,1,2095000.0,18705.35714285714
Leksands kommun,APARTMENT,60.73474,14.994547650000001,2,1647500.0,29012.25493262602
Lerums kommun,APARTMENT,57.78359792485,12.277236694399999,8,2112500.0,40524.305555555555
Lessebo kommun,APARTMENT,56.78036,15.1468992,1,250000.0,8928.57142857143
Lidingö kommun,APARTMENT,59.35361535156824,18.1479931,30,4100000.0,61389.91822131357
Lidköpings kommun,APARTMENT,58.49757,13.1557026,11,500000.0,10287.356321839081
Lilla Edets kommun,APARTMENT,58.10808175,12.155633,2,1372500.0,15008.859703981656
Lindesbergs kommun,APARTMENT,59.6003647,15.210331,1,495000.0,9082.56880733945
Linköpings kommun,APARTMENT,58.40393,15.6243429,91,1795000.0,30458.01526717557
Ljungby kommun,APARTMENT,56.8367971831,13.9499443911,6,920000.0,15079.772475027747
Ljusdals kommun,APARTMENT,61.711141949758776,16.159812904000937,1,3395000.0,57542.372881355936
Lomma kommun,APARTMENT,55.67992,13.0626688,15,4195000.0,42806.12244897959
Ludvika kommun,APARTMENT,60.1421724098,15.180503,3,625000.0,9243.697478991597
Luleå kommun,APARTMENT,65.58597739999999,22.15945055,36,1395000.0,22596.097599388035
Lunds kommun,APARTMENT,55.7058754,13.1985846,129,2425000.0,44531.25
Lysekils kommun,APARTMENT,58.3119443579,11.472344166500001,2,1612500.0,26104.31235431235
Malmö kommun,APARTMENT,55.59109545,12.99392555,370,2022500.0,36559.56977385549
Malung-Sälens kommun,APARTMENT,61.1749229,13.1112137,29,2750000.0,49000.0
Mariestads kommun,APARTMENT,58.71354,13.82716,3,980000.0,12894.736842105263
Marks kommun,APARTMENT,57.510321884199996,12.695920391200001,6,1222500.0,21117.890549403288
Mjölby kommun,APARTMENT,58.32308399999999,15.1217365266,5,850000.0,12500.0
Mora kommun,APARTMENT,61.0124819,14.5584541,2,1662500.0,21806.4263322884
Motala kommun,APARTMENT,58.53683271,15.03367,7,525000.0,13291.139240506329
Mölndals kommun,APARTMENT,57.6585655,12.00508,75,2490000.0,46787.14859437751
Mörbylånga kommun,APARTMENT,56.64106,16.478245,1,1300000.0,18571.428571428572
Nacka kommun,APARTMENT,59.310690149911025,18.161,134,3495000.0,59454.98199279712
Nora kommun,APARTMENT,59.5065856125,15.0358092813,1,650000.0,8125.0
Norbergs kommun,APARTMENT,60.069164,15.93093,1,275000.0,3666.6666666666665
Nordmalings kommun,APARTMENT,63.55160140991211,19.387819290161133,1,500000.0,3448.2758620689656
Norrköpings kommun,APARTMENT,58.5869866,16.1859622,126,1560000.0,27802.77777777778
Norrtälje kommun,APARTMENT,59.7591136952954,18.7088184,61,1995000.0,32704.918032786885
Nybro kommun,APARTMENT,56.74462,15.9266443,3,240000.0,4033.6134453781515
Nykvarns kommun,APARTMENT,59.1784134,17.4312363,3,1485000.0,35754.71698113208
Nyköpings kommun,APARTMENT,58.7548942,17.017379629449998,62,1235000.0,20232.846863281644
Nynäshamns kommun,APARTMENT,58.9081509,17.945343,23,1350000.0,25233.644859813085
Nässjö kommun,APARTMENT,57.649406,14.69205681125,10,872500.0,11420.3261220536
Olofströms kommun,APARTMENT,56.282771350000004,14.52032615,2,345000.0,4800.295493720759
Osby kommun,APARTMENT,56.38153,13.9911451,1,525000.0,7835.820895522388
Oskarshamns kommun,APARTMENT,57.2680314,16.4519354,9,1250000.0,13812.154696132597
Oxelösunds kommun,APARTMENT,58.67718069999999,17.1055832,11,375000.0,8797.468354430379
Partille kommun,APARTMENT,57.729584,12.121397,27,2680000.0,37012.98701298701
Perstorps kommun,APARTMENT,56.1376866,13.3938284,3,395000.0,4787.878787878788
Piteå kommun,APARTMENT,65.3216147468,21.46894,5,1100000.0,18487.394957983193
Robertsfors kommun,APARTMENT,64.18695,20.84777,1,695000.0,10594.512195121952
Ronneby kommun,APARTMENT,56.215169,15.277135999999999,6,695000.0,7402.715323417503
Rättviks kommun,APARTMENT,60.8862076,15.1205139,5,1275000.0,18214.285714285714
Sala kommun,APARTMENT,59.91570085,16.61316915,6,1222500.0,20848.798935499683
Salems kommun,APARTMENT,59.1999515,17.768038750000002,6,2145000.0,33953.37301587302
Sandvikens kommun,APARTMENT,60.6206474,16.7714825,33,795000.0,12594.93670886076
Sigtuna kommun,APARTMENT,59.6191463,17.8276587,39,1795000.0,27790.697674418603
Simrishamns kommun,APARTMENT,55.54594,14.337769,7,875000.0,11184.21052631579
Sjöbo kommun,APARTMENT,55.636887,13.704306,3,595000.0,11475.409836065573
Skara kommun,APARTMENT,58.381163349616926,13.443814816676952,4,745000.0,8311.388226664221
Skellefteå kommun,APARTMENT,64.7527161,20.9831829,43,1495000.0,22920.353982300883
Skurups kommun,APARTMENT,55.478077,13.485748,1,2595000.0,25950.0
Skövde kommun,APARTMENT,58.3956642,13.847466,21,1175000.0,20306.122448979593
Sollefteå kommun,APARTMENT,63.16633,17.2753551933,3,295000.0,4545.454545454545
Sollentuna kommun,APARTMENT,59.43248225,17.9525089,70,2595000.0,43405.79710144927
Solna kommun,APARTMENT,59.3647079,17.9970112,167,3495000.0,58023.25581395349
Sotenäs kommun,APARTMENT,58.362383587550006,11.2834038995,4,3272500.0,43364.34144965686
Staffanstorps kommun,APARTMENT,55.64258,13.200058,7,1950000.0,35123.456790123455
Stenungsunds kommun,APARTMENT,58.06547844881192,11.822323885698212,13,2750000.0,37671.232876712325
Stockholms kommun,APARTMENT,59.32278125,18.0285005,960,3295000.0,66779.27927927929
Storumans kommun,APARTMENT,65.8138978,15.0947885,4,1950000.0,38494.62365591398
Strängnäs kommun,APARTMENT,59.3774452,17.0247669,21,2495000.0,27722.222222222223
Strömstads kommun,APARTMENT,58.946976,11.1831656,5,2595000.0,26981.981981981982
Strömsunds kommun,APARTMENT,63.8526348,15.5557383,1,150000.0,2290.0763358778627
Sundbybergs kommun,APARTMENT,59.37310345,17.96297513335,90,2845000.0,53180.87639914265
Sundsvalls kommun,APARTMENT,62.39260135,17.3224258,82,872500.0,15720.663265306122
Sunne kommun,APARTMENT,59.8283264509,13.0684107952,4,595000.0,11186.105476673429
Surahammars kommun,APARTMENT,59.7054253,16.2215,3,330000.0,5892.857142857143
Svedala kommun,APARTMENT,55.512695,13.228831,5,1395000.0,24538.46153846154
Säffle kommun,APARTMENT,59.13259,12.909311,1,135000.0,2160.0
Säters kommun,APARTMENT,60.40519,15.59589,1,1995000.0,20151.515151515152
Söderhamns kommun,APARTMENT,61.3047943,17.064070700000002,8,585000.0,10978.445830969937
Söderköpings kommun,APARTMENT,58.462154,16.327566,1,2495000.0,21695.652173913044
Södertälje kommun,APARTMENT,59.194848,17.6242650153,70,1595000.0,26619.13893356427
Sölvesborgs kommun,APARTMENT,56.01407,14.7045,3,1595000.0,65000.0
Tanums kommun,APARTMENT,58.681056212937584,11.265741090984296,4,3100000.0,36691.962745774406
Tibro kommun,APARTMENT,58.42203,14.155055,5,375000.0,6071.428571428572
Tidaholms kommun,APARTMENT,58.17762402602867,13.957232453890214,4,200000.0,3182.8703703703704
Tierps kommun,APARTMENT,60.3404242221,17.5157835827,5,1500000.0,16213.59223300971
Timrå kommun,APARTMENT,62.48724,17.3162231,5,580000.0,9583.333333333334
Tjörns kommun,APARTMENT,57.98446,11.6621141,2,1745000.0,26339.522546419095
Tomelilla kommun,APARTMENT,55.53987789092847,13.950836138022002,1,450000.0,5696.202531645569
Torsby kommun,APARTMENT,60.64803,12.949226074465807,3,3850000.0,48125.0
Tranås kommun,APARTMENT,58.0329131,14.9904461,4,700000.0,12004.573170731706
Trelleborgs kommun,APARTMENT,55.3814354,13.164153,45,1545000.0,20535.714285714286
Trollhättans kommun,APARTMENT,58.2820168,12.2864609,21,975000.0,19101.123595505618
Trosa kommun,APARTMENT,58.94007412413792,17.5009858,7,1846720.0,30000.0
Tyresö kommun,APARTMENT,59.24351,18.22861,21,2450000.0,40208.333333333336
Täby kommun,APARTMENT,59.44285,18.0822258,96,3295000.0,51761.540640045314
Uddevalla kommun,APARTMENT,58.348015000000004,11.93156775,40,1122500.0,19590.066795949147
Ulricehamns kommun,APARTMENT,57.7834072859,13.4151573,3,1195000.0,18632.958801498127
Umeå kommun,APARTMENT,63.829126349999996,20.278300299999998,114,1972500.0,33124.12976886661
Upplands Väsby kommun,APARTMENT,59.520813,17.9083553057,37,1850000.0,30529.41176470588
Upplands-Bro kommun,APARTMENT,59.4899406,17.73050215375957,46,1849500.0,28159.66463976414
Uppsala kommun,APARTMENT,59.8641834,17.645760850000002,284,1995000.0,39252.46960486322
Vadstena kommun,APARTMENT,58.45581055,14.8983989,2,2445000.0,35291.90309908337
Vallentuna kommun,APARTMENT,59.5335242,18.08074035,20,2300000.0,34752.00688073394
Varbergs kommun,APARTMENT,57.1065025,12.2666788,15,2500000.0,37338.12949640288
Vaxholms kommun,APARTMENT,59.3951126,18.432376702928472,13,4495000.0,50289.01734104046
Vellinge kommun,APARTMENT,55.4238832,12.98682845,20,3622500.0,43083.213515456504
Vetlanda kommun,APARTMENT,57.42989125,15.076657163,4,1375000.0,17681.06032586479
Vimmerby kommun,APARTMENT,57.6743469,15.8589134,1,670000.0,10151.515151515152
Vänersborgs kommun,APARTMENT,58.37172259808616,12.3329915558237,22,1047500.0,14738.508442776736
Vännäs kommun,APARTMENT,63.9107246,19.7590275,1,475000.0,8558.558558558558
Värmdö kommun,APARTMENT,59.3223,18.38783775,18,2845000.0,48521.68949771689
Värnamo kommun,APARTMENT,57.179462,14.060694,13,1475000.0,18805.03144654088
Västerviks kommun,APARTMENT,57.744812,16.63973,3,695000.0,8527.60736196319
Västerås kommun,APARTMENT,59.61148,16.5575676,177,1495000.0,26741.071428571428
Växjö kommun,APARTMENT,56.8769,14.80544,125,1795000.0,27000.0
Vårgårda kommun,APARTMENT,58.0310629517,12.8065895,4,1427500.0,20836.968375136315
Ystads kommun,APARTMENT,55.43337,13.8061519,21,1995000.0,23687.5
Älmhults kommun,APARTMENT,56.55581,14.1570214693,5,925000.0,9558.823529411764
Älvdalens kommun,APARTMENT,61.8857128,12.728688831148167,4,3300000.0,33457.87832494608
Älvkarleby kommun,APARTMENT,60.635944,17.416779,1,595000.0,9296.875
Ängelholms kommun,APARTMENT,56.2473755,12.8723183,9,1650000.0,28181.81818181818
Åre kommun,APARTMENT,63.3974525,13.07917735,38,4320000.0,60078.125
Åstorps kommun,APARTMENT,56.13489,12.9436979,3,645000.0,9084.507042253521
Åtvidabergs kommun,APARTMENT,58.1927,16.0035515,1,785000.0,10194.805194805194
Öckerö kommun,APARTMENT,57.70882,11.66409,3,2695000.0,61158.7982832618
Örebro kommun,APARTMENT,59.2689323,15.2172518,143,1695000.0,29591.836734693876
Örkelljunga kommun,APARTMENT,56.27732,13.2610331,1,395000.0,6638.655462184874
Örnsköldsviks kommun,APARTMENT,63.29469,18.72882,9,950000.0,16964.285714285714
Östersunds kommun,APARTMENT,63.1740815,14.64793665,40,1400000.0,22295.183714001985
Österåkers kommun,APARTMENT,59.4812159663,18.29728,39,2050000.0,39909.09090909091
Östhammars kommun,APARTMENT,60.25593,18.371056,7,995000.0,13214.285714285714
Östra Göinge kommun,APARTMENT,56.15806,14.09715,1,1200000.0,18018.018018018018
Ale kommun,HOUSE,57.95234081465,12.123407130217222,14,3447500.0,25476.39225181598
Alingsås kommun,HOUSE,57.9361404,12.5212377963,25,4175000.0,24637.681159420288
Alvesta kommun,HOUSE,56.9059211,14.5336113,7,1995000.0,12406.639004149378
Aneby kommun,HOUSE,57.8436623,14.8240223,3,1950000.0,11091.954022988506
Arvidsjaurs kommun,HOUSE,65.5937283329205,19.1755608398105,2,1385000.0,8056.547619047619
Arvika kommun,HOUSE,59.65711053395,12.6172770334,6,2522500.0,12554.9853372434
Askersunds kommun,HOUSE,58.9595928646,15.0243275268,4,2347500.0,16171.594982078854
Avesta kommun,HOUSE,60.1560500636,16.11783362465,2,1645000.0,9674.713584288053
Bengtsfors kommun,HOUSE,58.924198150634766,12.314719200134277,1,675000.0,5357.142857142857
Bergs kommun,HOUSE,62.4778895920565,14.324367879423692,2,2322500.0,24395.429009193056
Bjuvs kommun,HOUSE,56.0575489,12.9726715,7,2895000.0,15585.365853658537
Bodens kommun,HOUSE,65.80242435,21.735101200000003,4,2095000.0,14130.208814561582
Bollebygds kommun,HOUSE,57.69412,12.57582,5,4195000.0,21250.0
Bollnäs kommun,HOUSE,61.3393702412,16.3777913107,2,2272500.0,11214.058095354823
Borgholms kommun,HOUSE,56.77287,16.5697956,1,2495000.0,40241.93548387097
Borlänge kommun,HOUSE,60.477859,15.4471073,11,2995000.0,15185.185185185184
Borås kommun,HOUSE,57.7293511685,12.968724787442612,38,2995000.0,16752.583311805734
Botkyrka kommun,HOUSE,59.1894572918,17.819088,15,5995000.0,29228.72340425532
Boxholms kommun,HOUSE,58.23993397,15.0909147,3,1700000.0,9166.666666666666
Bromölla kommun,HOUSE,56.09824019405,14.5179037758,2,1187500.0,12234.848484848484
Bräcke kommun,HOUSE,62.9565360341,15.1322683947,1,1100000.0,10784.313725490196
Båstads kommun,HOUSE,56.42570465875,12.8268783561,6,5845000.0,33523.78881587424
Danderyds kommun,HOUSE,59.40722,18.07187,1,9750000.0,94660.19417475729
Degerfors kommun,HOUSE,59.2380345,14.4341173,7,950000.0,5315.533980582524
Eda kommun,HOUSE,59.8278737841775,12.332614931925999,2,1822500.0,12387.29774162845
Ekerö kommun,HOUSE,59.381685179499996,17.5766839284,8,4595000.0,38716.66666666667
Eksjö kommun,HOUSE,57.6147297,15.5493575,3,900000.0,4838.709677419355
Emmaboda kommun,HOUSE,56.67879395,15.57305683706225,4,675000.0,5821.428571428572
Enköpings kommun,HOUSE,59.64085883904275,17.1002017510748,14,4245000.0,22905.37785429503
Eskilstuna kommun,HOUSE,59.3810081853,16.4872913,45,3250000.0,17017.937219730942
Eslövs kommun,HOUSE,55.8548714,13.348102181849999,8,3522500.0,25674.714143673875
Essunga kommun,HOUSE,58.19035,12.7328281,1,1750000.0,9259.25925925926
Fagersta kommun,HOUSE,59.9691277,15.8365564,1,4200000.0,22222.222222222223
Falkenbergs kommun,HOUSE,56.91053,12.5253172,27,3800000.0,19644.06779661017
Falköpings kommun,HOUSE,58.174449693250494,13.56337354546605,4,2837500.0,11568.288449543026
Falu kommun,HOUSE,60.67976918525,15.7442653885,14,2295000.0,12800.869790151
Filipstads kommun,HOUSE,59.70522316352658,14.161521940571486,4,997500.0,5981.262327416174
Finspångs kommun,HOUSE,58.7088794662053,15.798799975692646,7,1995000.0,13039.21568627451
Flens kommun,HOUSE,59.0660887385,16.5925617,7,1600000.0,10238.095238095239
Forshaga kommun,HOUSE,59.53604676675,13.4757999997007,6,1895000.0,10332.41362098608
Färgelanda kommun,HOUSE,58.5698280375,11.9844390142,1,1495000.0,8742.690058479533
Gagnefs kommun,HOUSE,60.5370819,15.2041604,3,2595000.0,13515.625
Gislaveds kommun,HOUSE,57.30254285,13.5345365,4,2000000.0,11459.679503747739
Gnesta kommun,HOUSE,59.06693949825,17.28884795,6,3422500.0,26886.133756038646
Gotlands kommun,HOUSE,57.6022679125,18.2820663,13,3900000.0,27500.0
Grums kommun,HOUSE,59.35945398232498,13.1051493,5,1295000.0,9087.301587301587
Grästorps kommun,HOUSE,58.3364483682,12.6697657169,1,3200000.0,18285.714285714286
Gällivare kommun,HOUSE,67.137582,20.665903399999998,2,1875000.0,21031.74603174603
Gävle kommun,HOUSE,60.674819975588576,17.154731872435683,44,4270000.0,21234.403254972873
Göteborgs kommun,HOUSE,57.7348328,11.904309272766113,43,6195000.0,39591.19496855346
Götene kommun,HOUSE,58.5315427914,13.4814153295,1,1150000.0,6497.175141242938
Habo kommun,HOUSE,57.9046576,14.082414199999999,4,2222500.0,14843.339176161262
Hagfors kommun,HOUSE,60.11549715,13.5833996,2,787500.0,4949.49494949495
Hallsbergs kommun,HOUSE,59.06749,15.1068330269864,11,2495000.0,19224.598930481283
Hallstahammars kommun,HOUSE,59.6195536,16.2342454,5,2295000.0,15791.366906474821
Halmstads kommun,HOUSE,56.7060356,12.8557844,21,4950000.0,23785.714285714286
Hammarö kommun,HOUSE,59.32083830995,13.500030730677103,4,4745000.0,26857.09687801738
Haninge kommun,HOUSE,59.14605177735898,18.1391945,21,6095000.0,35108.10810810811
Haparanda kommun,HOUSE,65.73336,23.750765,1,500000.0,9090.90909090909
Heby kommun,HOUSE,59.94485,16.93757,7,1490000.0,13333.333333333334
Hedemora kommun,HOUSE,60.404227468100004,16.0020852587,2,922500.0,9118.705035971223
Helsingborgs kommun,HOUSE,56.0382085298,12.7553825,29,3995000.0,25416.666666666668
Herrljunga kommun,HOUSE,58.0756166809,13.0215699692,1,1995000.0,8489.36170212766
Hofors kommun,HOUSE,60.54292905,16.2934189369963,4,1210000.0,8545.603332837376
Huddinge kommun,HOUSE,59.232221835581015,18.00455755,26,6495000.0,40121.22288223141
Hudiksvalls kommun,HOUSE,61.74966049194336,17.093933096,9,2595000.0,15637.254901960785
Hultsfreds kommun,HOUSE,57.354654115849996,15.8453855998,2,597500.0,4248.469192499043
Hylte kommun,HOUSE,56.95565610093105,13.53166865572885,2,2097500.0,21914.502164502162
Hällefors kommun,HOUSE,59.74335,14.5766115,1,3200000.0,33333.333333333336
Härjedalens kommun,HOUSE,62.4835528,14.006487262867877,3,6500000.0,49348.86908841672
Härnösands kommun,HOUSE,62.6419067,17.9079069,7,1800000.0,6666.666666666667
Härryda kommun,HOUSE,57.67642,12.2045204929,11,6950000.0,40000.0
Hässleholms kommun,HOUSE,56.1617546,13.6758862,17,1750000.0,9020.61855670103
Håbo kommun,HOUSE,59.5757263821,17.521008019565965,21,4250000.0,28662.79069767442
Höganäs kommun,HOUSE,56.1975937,12.5758295,19,4970000.0,29761.904761904763
Högsby kommun,HOUSE,57.1614647,16.036104637453164,3,1395000.0,8017.241379310345
Hörby kommun,HOUSE,55.845755834575364,13.679028939592504,6,2097500.0,15242.424242424242
Höörs kommun,HOUSE,55.905515,13.53179055,8,2575000.0,17583.876980428708
Jokkmokks kommun,HOUSE,66.74477015,18.96702545,2,1600000.0,16779.70699945741
Järfälla kommun,HOUSE,59.4000359,17.8300476,11,7350000.0,36844.262295081964
Jönköpings kommun,HOUSE,57.786073,14.27136254895,22,3995000.0,19280.417234001165
Kalix kommun,HOUSE,65.84573,23.1812248,5,875000.0,4247.57281553398
Kalmar kommun,HOUSE,56.6956425280204,16.2958393,28,3627500.0,22558.823529411766
Karlsborgs kommun,HOUSE,58.5597458,14.5016212,1,1095000.0,8423.076923076924
Karlshamns kommun,HOUSE,56.208775700000004,14.854694850000001,4,1300000.0,7760.416666666667
Karlskoga kommun,HOUSE,59.3186519182229,14.501571041463698,18,1520000.0,8237.279241459179
Karlskrona kommun,HOUSE,56.1961354448,15.6223233224,19,2750000.0,17272.727272727272
Karlstads kommun,HOUSE,59.404479,13.52340259915,26,3097500.0,22303.60531309298
Katrineholms kommun,HOUSE,59.0032425,16.2165012,9,2350000.0,14360.0
Kils kommun,HOUSE,59.5131541897,13.3172561769,5,2650000.0,14900.662251655629
Kiruna kommun,HOUSE,67.74283836225766,20.66861762041146,2,1742500.0,9156.990685816694
Klippans kommun,HOUSE,56.10750195,13.235210219853185,12,1672500.0,7691.819601718079
Knivsta kommun,HOUSE,59.777370628149995,17.975633549999998,6,4745000.0,25178.771758404808
Kramfors kommun,HOUSE,62.94448107383114,17.852509718249998,8,575000.0,3452.3330651649235
Kristianstads kommun,HOUSE,56.0037537,14.1448183,23,2750000.0,15190.114068441064
Kristinehamns kommun,HOUSE,59.30435460462104,14.103694993523169,12,2272500.0,12492.938850444853
Krokoms kommun,HOUSE,63.2909355,14.5383663,9,3850000.0,21714.975845410627
Kumla kommun,HOUSE,59.13276,15.1854234131,9,2995000.0,18404.255319148935
Kungsbacka kommun,HOUSE,57.4576521608,12.0310672823,33,5295000.0,31735.1598173516
Kungsörs kommun,HOUSE,59.4371486,16.036329000000002,2,1995000.0,10619.252873563219
Kungälvs kommun,HOUSE,57.86724,11.8933411,15,4995000.0,34130.434782608696
Kävlinge kommun,HOUSE,55.7745990285634,13.0670372459,4,4985000.0,36159.614043245754
Köpings kommun,HOUSE,59.5238571,16.001501,3,2495000.0,11843.22033898305
Laholms kommun,HOUSE,56.4666707216,13.0940555328,5,1400000.0,7608.695652173913
Landskrona kommun,HOUSE,55.8772605598,12.87913275,14,4322500.0,21002.505417118093
Laxå kommun,HOUSE,58.975938424549994,14.626192568899999,4,1475000.0,7792.579994960947
Lekebergs kommun,HOUSE,59.16779,14.9092455,3,3650000.0,23856.2091503268
Leksands kommun,HOUSE,60.7489917,15.00471,5,2895000.0,21789.883268482492
Lerums kommun,HOUSE,57.79770781591662,12.3016872,9,5700000.0,32407.40740740741
Lessebo kommun,HOUSE,56.77927340668934,15.156981830290766,10,1287500.0,8339.723019760175
Lidköpings kommun,HOUSE,58.4844782,13.151509970092409,6,1722500.0,13069.281711665819
Lilla Edets kommun,HOUSE,58.1024754,12.152849,7,2800000.0,14500.0
Lindesbergs kommun,HOUSE,59.59432985,15.230432,8,2495000.0,12457.803150147878
Linköpings kommun,HOUSE,58.39429815,15.661985399999999,8,5345000.0,26576.576576576575
Ljungby kommun,HOUSE,56.8325303082,13.9469166,13,1795000.0,10714.285714285714
Ljusdals kommun,HOUSE,61.830104483483204,15.9997854,5,1450000.0,7782.608695652174
Ljusnarsbergs kommun,HOUSE,60.0412941,14.976696,1,450000.0,2616.279069767442
Lomma kommun,HOUSE,55.70104095,13.0423331236,4,6095000.0,41202.59548144163
Ludvika kommun,HOUSE,60.155961221943,15.191968249999999,4,1800000.0,11471.847970725215
Luleå kommun,HOUSE,65.62906991245,22.150129091449998,14,3172500.0,22431.760055800976
Lunds kommun,HOUSE,55.6949577,13.33091294939808,13,4995000.0,29560.81081081081
Lycksele kommun,HOUSE,64.5994673277933,18.6613714,5,900000.0,5681.818181818182
Lysekils kommun,HOUSE,58.40466590176581,11.515638221464265,2,4247500.0,29154.761904761905
Malmö kommun,HOUSE,55.558025,13.0214157,15,5695000.0,31654.929577464787
Malung-Sälens kommun,HOUSE,61.09073955,13.27348925,4,2712500.0,28388.15789473684
Mariestads kommun,HOUSE,58.7901654,13.79616315,4,1742500.0,12183.507083667468
Markaryds kommun,HOUSE,56.578747004,13.74484663485,2,1042500.0,6429.087987143432
Marks kommun,HOUSE,57.4935528841,12.6964674079,21,2495000.0,14092.741935483871
Mjölby kommun,HOUSE,58.34961885139399,15.250066175118892,6,2495000.0,18293.171114599685
Mora kommun,HOUSE,61.00409745,14.577535777131168,6,2572500.0,14321.630204657728
Motala kommun,HOUSE,58.54024339375342,15.05911337451009,9,2395000.0,19736.842105263157
Mullsjö kommun,HOUSE,57.92690157259905,13.882982723838305,6,2662500.0,18987.382629107982
Munkedals kommun,HOUSE,58.53041055,11.665847804326486,4,1325000.0,8565.993472052223
Munkfors kommun,HOUSE,59.80785065,13.515624599999999,2,595000.0,2302.809472870981
Mölndals kommun,HOUSE,57.629427503399995,12.03409247435145,10,6435000.0,44956.21886674969
Mönsterås kommun,HOUSE,57.03614100894991,16.364116084800003,6,1745000.0,9255.769772023643
Mörbylånga kommun,HOUSE,56.64875199065,16.4837828,8,2997500.0,19576.60851785792
Nacka kommun,HOUSE,59.3298225,18.2776718,3,7995000.0,54387.755102040814
Nora kommun,HOUSE,59.5115735,15.032310899999999,6,2197500.0,12403.846153846154
Nordanstigs kommun,HOUSE,61.99144766328701,17.252467735473658,4,1425000.0,7220.412904468023
Nordmalings kommun,HOUSE,63.574913,19.516367,3,1300000.0,7662.721893491124
Norrköpings kommun,HOUSE,58.60153083385884,16.22763484387462,28,4347500.0,26602.985829959514
Norrtälje kommun,HOUSE,59.74838465328156,18.719717350000003,24,3697500.0,28495.516877637132
Nybro kommun,HOUSE,56.74298657464,15.901043040104074,6,1825000.0,8881.423158891783
Nykvarns kommun,HOUSE,59.18284453785,17.4203273327,8,4495000.0,29746.946971559708
Nyköpings kommun,HOUSE,58.7424935915,16.94014,13,4150000.0,23051.28205128205
Nynäshamns kommun,HOUSE,59.0233879,17.8711034368,5,4595000.0,32338.12949640288
Nässjö kommun,HOUSE,57.654421535,14.6901827,5,1750000.0,7142.857142857143
Ockelbo kommun,HOUSE,60.96488525765085,16.67915,3,2195000.0,10305.164319248826
Olofströms kommun,HOUSE,56.229927374,14.6079155359,1,695000.0,4398.734177215189
Orsa kommun,HOUSE,61.1328796826,14.6377717,3,1695000.0,7466.960352422908
Orust kommun,HOUSE,58.1725496,11.6841154,5,3650000.0,23397.4358974359
Osby kommun,HOUSE,56.38259,13.9831466682,5,1595000.0,8952.095808383234
Oskarshamns kommun,HOUSE,57.2723554092,16.4444942,9,1550000.0,11160.0
Ovanåkers kommun,HOUSE,61.3832200371,15.8725520388,1,850000.0,11038.961038961039
Oxelösunds kommun,HOUSE,58.67631460145,17.0651210821,2,2812500.0,10643.115942028984
Partille kommun,HOUSE,57.7318459,12.0945387,9,6650000.0,38646.408839779004
Perstorps kommun,HOUSE,56.1458054342,13.3935547532,4,1672500.0,7443.693693693694
Piteå kommun,HOUSE,65.31945037841797,21.4482270841,7,1650000.0,12313.432835820895
Ragunda kommun,HOUSE,63.082022057557,16.4455204192425,2,342500.0,2987.695749440716
Robertsfors kommun,HOUSE,64.19656499999999,20.84683245,2,1322500.0,5788.63796753705
Ronneby kommun,HOUSE,56.2053135,15.2828204518,14,1645000.0,10233.240385732544
Rättviks kommun,HOUSE,60.945256851397,15.076195026362349,4,2667500.0,17487.60352376431
Sala kommun,HOUSE,59.9121787209,16.570194807100002,6,2172500.0,10807.539682539682
Salems kommun,HOUSE,59.188501875105544,17.729669475019662,2,7795000.0,40092.59505804665
Sandvikens kommun,HOUSE,60.6054925802,16.7525773702,16,2200000.0,11802.74024024024
Sigtuna kommun,HOUSE,59.62726,17.8356457,9,4550000.0,29545.454545454544
Simrishamns kommun,HOUSE,55.5378876,14.279706,19,4950000.0,24683.734939759037
Sjöbo kommun,HOUSE,55.6366959,13.7101574,17,1995000.0,13193.832599118943
Skara kommun,HOUSE,58.3902649555,13.3964908138,2,1475000.0,12477.106227106227
Skellefteå kommun,HOUSE,64.734685,20.935948500000002,18,2325000.0,13857.419648962845
Skinnskattebergs kommun,HOUSE,59.799637575875025,15.70079197335,4,785000.0,3501.3876040703053
Skurups kommun,HOUSE,55.47386495544271,13.5152647822,7,3695000.0,17936.893203883494
Skövde kommun,HOUSE,58.37613655,13.83469331345,14,3572500.0,15380.01070991432
Smedjebackens kommun,HOUSE,60.02466,15.7160883,1,2695000.0,22458.333333333332
Sollentuna kommun,HOUSE,59.4544424116,17.9234622,10,7947500.0,47008.15217391304
Sotenäs kommun,HOUSE,58.42712677590001,11.358814250150001,2,4372500.0,52448.4004127967
Staffanstorps kommun,HOUSE,55.649839400000005,13.18435,2,7745000.0,40839.62639109698
Stenungsunds kommun,HOUSE,58.0688407975,11.9028435,11,2995000.0,26263.157894736843
Stockholms kommun,HOUSE,59.3546879546,17.920478972636474,23,7500000.0,41640.625
Storfors kommun,HOUSE,59.4779100178593,14.348296196550297,2,772500.0,6667.287630402385
Storumans kommun,HOUSE,65.38338385,16.45117235,2,1145000.0,4340.277777777777
Strängnäs kommun,HOUSE,59.32177725,17.067174525218498,22,4095000.0,27717.391304347824
Strömstads kommun,HOUSE,58.9462041400882,11.191168911150001,14,4622500.0,33418.40536512667
Strömsunds kommun,HOUSE,63.856292227275,15.557330555603,3,590000.0,2468.6192468619247
Sundsvalls kommun,HOUSE,62.4019356,17.3257942,49,2950000.0,16638.88888888889
Surahammars kommun,HOUSE,59.70733233548724,16.2187385559,7,2195000.0,12788.461538461539
Svalövs kommun,HOUSE,55.9980464236,13.096064688568116,4,2145000.0,12825.089065497397
Svedala kommun,HOUSE,55.58057,13.2268953,3,3950000.0,29267.241379310344
Svenljunga kommun,HOUSE,57.54158340595,13.11103170925,6,1050000.0,6501.747986016111
Säters kommun,HOUSE,60.393267742461504,15.606608533394535,4,1310000.0,9566.570881226053
Sävsjö kommun,HOUSE,57.3197169385,14.6711483,3,1475000.0,10000.0
Söderhamns kommun,HOUSE,61.2854958,16.9600582,13,1995000.0,12051.724137931034
Söderköpings kommun,HOUSE,58.47509617591299,16.312894593603502,5,2795000.0,15064.655172413793
Södertälje kommun,HOUSE,59.1573545,17.5680822787,21,4495000.0,29389.31297709924
Sölvesborgs kommun,HOUSE,56.0493157083,14.6066427,5,1495000.0,6674.757281553398
Tanums kommun,HOUSE,58.72695,11.3223972,9,2300000.0,15540.54054054054
Tibro kommun,HOUSE,58.4199903447,14.1668348654,5,2300000.0,11474.358974358975
Tidaholms kommun,HOUSE,58.1804055087,13.95893518383715,3,2175000.0,12357.954545454546
Tierps kommun,HOUSE,60.36990259435467,17.517281186217367,10,2722500.0,12870.090862438494
Timrå kommun,HOUSE,62.5052967,17.39410495,10,1547500.0,13383.547910510764
Tingsryds kommun,HOUSE,56.5331675667,14.9772053,3,2200000.0,8835.341365461847
Tjörns kommun,HOUSE,57.980704591626974,11.593387129205272,6,4845000.0,26066.433566433567
Tomelilla kommun,HOUSE,55.542587433899996,13.943269882611505,6,2522500.0,13353.641456582633
Torsby kommun,HOUSE,60.39170716043266,12.968822548155401,2,2847500.0,20674.845041322315
Torsås kommun,HOUSE,56.4120771,15.9881657,1,1400000.0,9333.333333333334
Tranemo kommun,HOUSE,57.4902765468,13.3325651669,3,1395000.0,9961.538461538461
Tranås kommun,HOUSE,58.0220938234,14.9879878084,1,2250000.0,14705.882352941177
Trelleborgs kommun,HOUSE,55.377323131,13.1648636,25,4695000.0,26379.310344827587
Trollhättans kommun,HOUSE,58.2771906137,12.26606747314139,9,2975000.0,19968.75
Trosa kommun,HOUSE,58.94258,17.4924545,5,6995000.0,37010.58201058201
Tyresö kommun,HOUSE,59.2301979,18.2137235194,7,7000000.0,41176.470588235294
Täby kommun,HOUSE,59.4542101885,18.0840645,3,9495000.0,61609.58904109589
Töreboda kommun,HOUSE,58.70218836695,14.137000971900001,6,1387500.0,6888.147249190939
Uddevalla kommun,HOUSE,58.3461867199,11.8900515012,29,3295000.0,23423.423423423425
Ulricehamns kommun,HOUSE,57.69887844100868,13.43496,9,975000.0,8057.851239669421
Umeå kommun,HOUSE,63.8174324,20.2587836,34,4395000.0,26091.042824452437
Upplands Väsby kommun,HOUSE,59.5205919411,17.938826707,4,6995000.0,29515.293405497792
Upplands-Bro kommun,HOUSE,59.5039558,17.6756687,7,5795000.0,31840.659340659342
Uppsala kommun,HOUSE,59.86895,17.7023565,33,5495000.0,30197.36842105263
Uppvidinge kommun,HOUSE,57.1657958,15.3378057,9,1150000.0,5141.242937853107
Vadstena kommun,HOUSE,58.4505043,14.894207,1,6950000.0,24131.944444444445
Vaggeryds kommun,HOUSE,57.4403462,14.093638349999999,4,2722500.0,18860.197368421053
Valdemarsviks kommun,HOUSE,58.2436628336369,16.555917977273825,2,1300000.0,14550.01269357705
Vallentuna kommun,HOUSE,59.5456848,18.0866871,9,5495000.0,46705.607476635516
Vara kommun,HOUSE,58.280342149999996,12.9100419921,4,1847500.0,8333.0639948287
Varbergs kommun,HOUSE,57.172905,12.2822236,21,3250000.0,28278.30188679245
Vaxholms kommun,HOUSE,59.39449785,18.39951775,2,4747500.0,34523.40958779929
Vellinge kommun,HOUSE,55.4730411,13.0276585,7,5200000.0,28252.032520325203
Vetlanda kommun,HOUSE,57.4052595,15.0860023,5,1595000.0,9273.255813953489
Vilhelmina kommun,HOUSE,64.879705,15.713035600000001,2,1122500.0,14194.271911663216
Vimmerby kommun,HOUSE,57.67678855,15.849750613976763,4,1325000.0,8577.36974262398
Vindelns kommun,HOUSE,64.1251,19.9615631,1,1095000.0,11406.25
Vingåkers kommun,HOUSE,59.03283989968199,15.86415267344668,1,1995000.0,9684.466019417476
Vänersborgs kommun,HOUSE,58.3590333,12.3485689643,14,2347500.0,14656.555930027283
Vännäs kommun,HOUSE,63.90734104998789,19.77973464961194,2,1995000.0,7933.189450716251
Värmdö kommun,HOUSE,59.29826,18.5018559,13,5795000.0,43878.04878048781
Värnamo kommun,HOUSE,57.182715726249995,14.041231473539415,18,2747500.0,10730.560564360509
Västerviks kommun,HOUSE,57.7493151,16.5176311836,10,1762500.0,11674.565217391304
Västerås kommun,HOUSE,59.6135543125,16.523719354150003,40,4095000.0,27380.303030303032
Växjö kommun,HOUSE,56.88056735,14.8100643,30,3847500.0,21754.914220525647
Vårgårda kommun,HOUSE,58.0262334273,12.8012756385,9,2695000.0,23769.84126984127
Ydre kommun,HOUSE,57.8120308,15.212385600000001,2,1072500.0,4646.893996960486
Ystads kommun,HOUSE,55.44173,13.8062849,9,4495000.0,26263.157894736843
Älmhults kommun,HOUSE,56.56158,14.1625681,5,3950000.0,21467.391304347828
Älvdalens kommun,HOUSE,61.88694816753211,12.71990272895,4,4340000.0,34677.44029075805
Älvkarleby kommun,HOUSE,60.6397023,17.3936124,1,2100000.0,16406.25
Älvsbyns kommun,HOUSE,65.6700792249,20.994465,3,2750000.0,11088.709677419354
Ängelholms kommun,HOUSE,56.25833,12.9561928,11,3195000.0,19047.619047619046
Ånge kommun,HOUSE,62.51288795,15.919690150000001,2,905000.0,4263.532191902978
Åre kommun,HOUSE,63.3566366202,12.9103169706,4,3942500.0,38888.54679802955
Åstorps kommun,HOUSE,56.1364172,12.9468999,8,2495000.0,12033.991228070176
Åtvidabergs kommun,HOUSE,58.20946,15.9677639,5,2495000.0,12475.0
Ödeshögs kommun,HOUSE,58.2329446806,14.6666681905,1,1095000.0,6441.176470588235
Örebro kommun,HOUSE,59.27512,15.1932859,23,4250000.0,24217.171717171717
Örkelljunga kommun,HOUSE,56.3039450488,13.32514876495,6,1072500.0,9109.01467505241
Örnsköldsviks kommun,HOUSE,63.309870334799996,18.61391273125,8,1695000.0,7511.374045801527
Östersunds kommun,HOUSE,63.1665783423,14.647780497908403,19,4995000.0,26699.02912621359
Österåkers kommun,HOUSE,59.490897138099996,18.34295094675,20,5545000.0,34239.542391914656
Östhammars kommun,HOUSE,60.222297898622344,18.21944785,8,2745000.0,18011.076385697215
Östra Göinge kommun,HOUSE,56.25519,14.0788988015,9,1475000.0,5932.203389830508
Ale kommun,ROW_HOUSE,57.8871,12.0580845,3,2995000.0,29362.745098039217
Alingsås kommun,ROW_HOUSE,57.9387218193,12.5159271466,9,3500000.0,26692.91338582677
Avesta kommun,ROW_HOUSE,60.144238,16.163048,1,1395000.0,12798.165137614678
Bjuvs kommun,ROW_HOUSE,56.0614819,12.9818378,1,995000.0,14113.475177304965
Borlänge kommun,ROW_HOUSE,60.47875049818851,15.442722645084288,2,2047500.0,17157.051447110927
Borås kommun,ROW_HOUSE,57.72668,12.94846,5,2795000.0,21907.894736842107
Botkyrka kommun,ROW_HOUSE,59.23701475,17.84464935,14,3497500.0,30198.85016595543
Burlövs kommun,ROW_HOUSE,55.6472969,13.1165829,3,3495000.0,29618.64406779661
Båstads kommun,ROW_HOUSE,56.41405213255,12.8600248,4,2345000.0,23509.575220101535
Danderyds kommun,ROW_HOUSE,59.4304276,18.0387039,1,7495000.0,55518.51851851852
Ekerö kommun,ROW_HOUSE,59.278433558428034,17.78556,6,4392500.0,42160.48780487805
Enköpings kommun,ROW_HOUSE,59.6293621,17.095854,4,3097500.0,19968.223053662037
Eskilstuna kommun,ROW_HOUSE,59.36209295,16.48592956342779,8,2295000.0,21024.698340874813
Eslövs kommun,ROW_HOUSE,55.826332,13.293611,1,1695000.0,14425.531914893618
Falkenbergs kommun,ROW_HOUSE,56.9350974,12.3721227,1,2495000.0,21809.440559440558
Falköpings kommun,ROW_HOUSE,58.159275,13.548209100000001,4,2150000.0,17916.666666666664
Falu kommun,ROW_HOUSE,60.6210649,15.6352825,1,3275000.0,30607.47663551402
Gagnefs kommun,ROW_HOUSE,60.5991741,15.0786666,1,1695000.0,20925.925925925927
Gotlands kommun,ROW_HOUSE,56.9474219692302,18.3035842901957,1,2595000.0,30174.418604651164
Gävle kommun,ROW_HOUSE,60.6640434,17.14594,23,2790000.0,20253.623188405796
Göteborgs kommun,ROW_HOUSE,57.7598064285,11.9756880205,30,3414925.5,28561.789088104877
Habo kommun,ROW_HOUSE,57.9181976,14.0912533,1,1995000.0,19950.0
Hagfors kommun,ROW_HOUSE,60.0389701677,13.6846418568,1,575000.0,7986.111111111111
Hallsbergs kommun,ROW_HOUSE,59.0533943,15.1083584,1,1895000.0,22831.32530120482
Hallstahammars kommun,ROW_HOUSE,59.6205483795,16.2335144619,1,2200000.0,10185.185185185184
Halmstads kommun,ROW_HOUSE,56.6627922,12.7984154,5,3675000.0,21120.689655172413
Hammarö kommun,ROW_HOUSE,59.33076,13.521306,6,2695000.0,24398.148148148146
Haninge kommun,ROW_HOUSE,59.1864433,18.137575497770236,5,4295000.0,34687.5
Helsingborgs kommun,ROW_HOUSE,56.03139735,12.756927000000001,18,3345000.0,28828.947368421053
Huddinge kommun,ROW_HOUSE,59.23734632984939,17.959492905351887,12,4645000.0,39281.63191948239
Hudiksvalls kommun,ROW_HOUSE,61.678061915055295,17.095303636089348,2,2225000.0,17380.876239206907
Härnösands kommun,ROW_HOUSE,62.629612,17.956377,1,795000.0,10529.80132450331
Härryda kommun,ROW_HOUSE,57.671562337850006,12.36005743015,2,3175000.0,30121.293800539082
Hässleholms kommun,ROW_HOUSE,56.1454735,13.7155142,1,2395000.0,23950.0
Håbo kommun,ROW_HOUSE,59.556980100000004,17.5196636,4,2995000.0,27249.201415868083
Höganäs kommun,ROW_HOUSE,56.1546707,12.582858550000001,6,2996250.0,25744.61166852471
Järfälla kommun,ROW_HOUSE,59.40734989949296,17.812986350000003,16,3720000.0,29266.917293233084
Jönköpings kommun,ROW_HOUSE,57.7815628,14.13326,3,3300000.0,25663.716814159292
Kalmar kommun,ROW_HOUSE,56.67936135,16.33748915,2,4525000.0,31621.725277318856
Karlskoga kommun,ROW_HOUSE,59.3147522,14.554352300000001,2,2895000.0,25059.52380952381
Karlskrona kommun,ROW_HOUSE,56.209562709500005,15.65967755415,2,3025000.0,19752.02368007732
Karlstads kommun,ROW_HOUSE,59.403556624800004,13.53612879685,4,2645000.0,21872.219905476784
Katrineholms kommun,ROW_HOUSE,59.0031433,16.2029114,1,1375000.0,12947.269303201507
Knivsta kommun,ROW_HOUSE,59.7332990456,17.7837405869,1,2995000.0,27731.48148148148
Kristianstads kommun,ROW_HOUSE,56.037800000000004,14.17582365,2,2695000.0,19817.247904839147
Kumla kommun,ROW_HOUSE,59.13783255,15.125059,4,2110000.0,20995.370370370372
Kungsbacka kommun,ROW_HOUSE,57.5173378,12.0799675,3,4350000.0,37179.48717948718
Kungälvs kommun,ROW_HOUSE,57.868498,11.90065625,8,3675000.0,32412.843004948267
Kävlinge kommun,ROW_HOUSE,55.7912,13.0882034,1,2795000.0,29893.048128342245
Laholms kommun,ROW_HOUSE,56.48893,13.0324783,1,1795000.0,24256.756756756757
Landskrona kommun,ROW_HOUSE,55.8871346,12.8261947209,3,3300000.0,34020.61855670103
Lekebergs kommun,ROW_HOUSE,59.239768999999995,14.90302375,2,2195000.0,19598.214285714283
Lerums kommun,ROW_HOUSE,57.7794320644,12.284370834,3,2900000.0,28125.0
Lidingö kommun,ROW_HOUSE,59.37052475303388,18.1732187,4,9372500.0,72440.76797385621
Linköpings kommun,ROW_HOUSE,58.41598,15.6446927679,9,3295000.0,28405.172413793105
Ljungby kommun,ROW_HOUSE,56.8309137231,13.9412131147,1,2795000.0,14867.021276595744
Lomma kommun,ROW_HOUSE,55.7017676489,13.04164464385,2,5095000.0,43031.02453102453
Luleå kommun,ROW_HOUSE,65.61296,22.1783676,1,2695000.0,24062.5
Lunds kommun,ROW_HOUSE,55.718182600000006,13.216585850000001,10,4472500.0,40812.51026033162
Malmö kommun,ROW_HOUSE,55.538315,12.993747,11,3795000.0,35738.53211009174
Malung-Sälens kommun,ROW_HOUSE,61.15817,13.272968,1,1900000.0,16814.159292035398
Mariestads kommun,ROW_HOUSE,58.695618,13.791569,1,875000.0,11513.157894736842
Marks kommun,ROW_HOUSE,57.490894,12.644377,1,1095000.0,9521.739130434782
Mora kommun,ROW_HOUSE,60.9907812503,14.5141410828,1,1725000.0,15825.688073394496
Mölndals kommun,ROW_HOUSE,57.65208968546072,12.0373374487029,5,6195000.0,51547.619047619046
Nacka kommun,ROW_HOUSE,59.2843971,18.2388439,7,5995000.0,50378.1512605042
Norrköpings kommun,ROW_HOUSE,58.574216031,16.1729456,11,3195000.0,29375.0
Norrtälje kommun,ROW_HOUSE,59.753304,18.683308,3,2450000.0,30714.285714285714
Nykvarns kommun,ROW_HOUSE,59.18118699645,17.4406436478,2,3422500.0,26904.906204906205
Nyköpings kommun,ROW_HOUSE,58.75942745,17.01764585635891,6,2892500.0,24343.22033898305
Nynäshamns kommun,ROW_HOUSE,58.97553,17.9211445,3,3495000.0,35303.030303030304
Nässjö kommun,ROW_HOUSE,57.656135224,14.7206718949,1,1700000.0,11038.961038961039
Osby kommun,ROW_HOUSE,56.3765678,13.972682,1,1495000.0,16519.337016574587
Oxelösunds kommun,ROW_HOUSE,58.6834056,17.0503602,1,1695000.0,15000.0
Partille kommun,ROW_HOUSE,57.702366,12.128453,4,6295000.0,50360.0
Salems kommun,ROW_HOUSE,59.20292,17.774393,5,2895000.0,24125.0
Sandvikens kommun,ROW_HOUSE,60.6201071,16.737903799999998,4,1410000.0,12918.771043771045
Sigtuna kommun,ROW_HOUSE,59.61008443105,17.793055,8,3722500.0,28790.304460173014
Skellefteå kommun,ROW_HOUSE,64.7542861135,20.9679720861,3,4300000.0,19708.520179372197
Skurups kommun,ROW_HOUSE,55.46883,13.575429,1,1495000.0,16988.636363636364
Skövde kommun,ROW_HOUSE,58.401993324,13.8572993296,9,2650000.0,22272.727272727272
Sollentuna kommun,ROW_HOUSE,59.45219805,17.94141725,18,4600000.0,40667.20590675295
Staffanstorps kommun,ROW_HOUSE,55.66647,13.145892,13,3950000.0,34500.0
Stenungsunds kommun,ROW_HOUSE,58.0658804,11.829081949999999,2,2735000.0,29644.59647495362
Stockholms kommun,ROW_HOUSE,59.36832,17.9221516,31,4795000.0,38677.41935483871
Storumans kommun,ROW_HOUSE,65.09057,17.1158943,1,495000.0,2750.0
Strängnäs kommun,ROW_HOUSE,59.3596836,17.0370493,6,2447500.0,24995.020628823448
Sundbybergs kommun,ROW_HOUSE,59.37548,17.933773,3,4995000.0,52941.17647058824
Sundsvalls kommun,ROW_HOUSE,62.389083850000006,17.2777548,6,2587250.0,16250.38485221675
Svalövs kommun,ROW_HOUSE,55.9126008784,13.1002197828,1,2500000.0,11792.452830188678
Svedala kommun,ROW_HOUSE,55.5786824533,13.2408648,3,2595000.0,26263.157894736843
Södertälje kommun,ROW_HOUSE,59.1814041,17.65463,9,3595000.0,30669.291338582676
Trelleborgs kommun,ROW_HOUSE,55.406086,13.0888214,1,2995000.0,25168.067226890755
Trollhättans kommun,ROW_HOUSE,58.26971175,12.3165731,2,1822500.0,15896.476104053236
Trosa kommun,ROW_HOUSE,58.894071599391474,17.55772400579163,3,5435000.0,46853.44827586207
Tyresö kommun,ROW_HOUSE,59.23843,18.248085,5,4295000.0,33057.553956834534
Täby kommun,ROW_HOUSE,59.46080861505,18.076342599999997,6,5495000.0,38537.59162303665
Uddevalla kommun,ROW_HOUSE,58.36553,11.94032,1,1950000.0,15476.190476190477
Umeå kommun,ROW_HOUSE,63.8201523,20.27073,5,4995000.0,30797.101449275364
Upplands Väsby kommun,ROW_HOUSE,59.5112128926,17.9111078424,5,4295000.0,34918.69918699187
Upplands-Bro kommun,ROW_HOUSE,59.5154839,17.6534634,7,3995000.0,29805.194805194806
Uppsala kommun,ROW_HOUSE,59.8515,17.6771755,15,4195000.0,29653.465346534653
Vallentuna kommun,ROW_HOUSE,59.53821655,18.0897942,8,3622500.0,35909.14115176302
Vaxholms kommun,ROW_HOUSE,59.39884240000001,18.38131915,2,4245000.0,35532.38795518207
Vellinge kommun,ROW_HOUSE,55.4643,13.0145435,3,4000000.0,36318.181818181816
Vetlanda kommun,ROW_HOUSE,57.43977,15.079576,1,1950000.0,18224.29906542056
Vimmerby kommun,ROW_HOUSE,57.6652996,15.8765356,1,1595000.0,10777.027027027027
Värmdö kommun,ROW_HOUSE,59.31898938149431,18.453372545143857,5,5295000.0,51407.76699029126
Värnamo kommun,ROW_HOUSE,57.18663576543182,14.052492744457961,2,2610000.0,19764.140397943214
Västerås kommun,ROW_HOUSE,59.608549,16.519464499999998,8,3045000.0,23945.493066255778
Växjö kommun,ROW_HOUSE,56.919838,14.8040791,3,2500000.0,25000.0
Vårgårda kommun,ROW_HOUSE,58.0368505569,12.8078673288,1,1595000.0,15886.454183266931
Ystads kommun,ROW_HOUSE,55.43018499549618,13.780207806743112,1,4195000.0,28931.03448275862
Älvkarleby kommun,ROW_HOUSE,60.570072,17.4498789,1,730000.0,6697.247706422018
Ängelholms kommun,ROW_HOUSE,56.269043,12.8586931,3,2995000.0,23888.88888888889
Åre kommun,ROW_HOUSE,63.3817558,13.1740847,1,6750000.0,67500.0
Örebro kommun,ROW_HOUSE,59.26376505,15.21276475,16,2582500.0,23894.712935229407
Österåkers kommun,ROW_HOUSE,59.47720411375,18.3118722,16,3745000.0,32515.151515151516
